<step title="BackgroundTrace" date="2025-12-14T06:32:06.451" instance="91cd92" url="/api/zipdeploy" method="POST" >
  <step title="Cleanup Xml Logs" date="2025-12-14T06:32:06.471" /><!-- duration: 37ms -->
  <step title="Creating temporary deployment - FetchDeploymentManager" date="2025-12-14T06:32:06.755" /><!-- duration: 2ms -->
  <step title="Creating temporary deployment" date="2025-12-14T06:32:06.775" /><!-- duration: 200ms -->
  <step title="Performing fetch based deployment" date="2025-12-14T06:32:07.181" >
    <step title="Cleaning up temp folders from previous zip deployments and extracting pushed zip file /tmp/zipdeploy/cb6d7cd3-6250-4010-856e-49fb06da4fc9.zip (19.31 MB) to /tmp/zipdeploy/extracted" date="2025-12-14T06:32:08.373" >
      <step title="ChmodRecursive Process exited with total time taken in ms: 679" date="2025-12-14T06:32:17.101" /><!-- duration: 20ms -->
    </step><!-- duration: 8752ms -->
    <step title="Deployment timer started" date="2025-12-14T06:32:19.209" >
      <step title="DeploymentManager.Deploy(id:89df868e-188b-494c-8d05-c378fec5d6fc)" date="2025-12-14T06:32:19.227" >
        <step title="Collecting changeset information" date="2025-12-14T06:32:19.265" /><!-- duration: 217ms -->
        <step title="Updating submodules" date="2025-12-14T06:32:19.501" /><!-- duration: 1311ms -->
        <step title="Determining deployment builder" date="2025-12-14T06:32:21.471" >
          <step title="Builder is OryxBuilder" date="2025-12-14T06:32:21.520" /><!-- duration: 17ms -->
        </step><!-- duration: 77ms -->
        <step title="PreDeployment: context.CleanOutputPath False" date="2025-12-14T06:32:22.883" >
          <step title="PreDeployment: context.OutputPath /home/site/wwwroot" date="2025-12-14T06:32:23.121" >
            <step title="Building" date="2025-12-14T06:32:23.354" >
              <step title="Executing external process" date="2025-12-14T06:32:24.380" type="process" path="bash" arguments="-c &quot;oryx build /tmp/zipdeploy/extracted -o /home/site/wwwroot --platform python --platform-version 3.10 -p virtualenv_name=antenv --log-file /tmp/build-debug.log  -i /tmp/8de3ada89681cb7 --compress-destination-dir | tee /tmp/oryx-build.log ; exit $PIPESTATUS &quot;" /><!-- duration: 154358ms -->
              <step title="Using PythonDeploymentLogParser" date="2025-12-14T06:34:59.389" /><!-- duration: 3ms -->
              <step title="Triggering recycle (preview mode disabled)." date="2025-12-14T06:35:00.638" /><!-- duration: 6ms -->
              <step title="Modified file to trigger a restart of the app container." date="2025-12-14T06:35:00.673" /><!-- duration: 2ms -->
              <step title="Skip function trigger and logicapp sync because function is not enabled." date="2025-12-14T06:35:00.686" /><!-- duration: 7ms -->
              <step title="Purge deployment items" date="2025-12-14T06:35:01.777" >
                <step title="Remove 3151fb92-, Failed, received at 12/14/2025 06:21:47" date="2025-12-14T06:35:01.930" /><!-- duration: 9ms -->
                <step title="Remove temp-9897, Failed, received at 12/14/2025 06:21:36" date="2025-12-14T06:35:02.086" /><!-- duration: 2ms -->
              </step><!-- duration: 313ms -->
            </step><!-- duration: 158815ms -->
          </step><!-- duration: 159051ms -->
          <step title="Cleaning up temp files" date="2025-12-14T06:35:02.174" /><!-- duration: 1107ms -->
          <step title="Cleaning up temp files" date="2025-12-14T06:35:03.285" /><!-- duration: 507ms -->
          <step title="Reloading status file with latest updates" date="2025-12-14T06:35:03.813" >
            <step title="WebHooksManager.PublishEventAsync: PostDeployment" date="2025-12-14T06:35:03.817" /><!-- duration: 85ms -->
          </step><!-- duration: 94ms -->
          <step title="Cleaning up temporary deployment - fetch deployment was successful" date="2025-12-14T06:35:03.912" /><!-- duration: 2ms -->
        </step><!-- duration: 161074ms -->
      </step><!-- duration: 164742ms -->
