<step title="Incoming Request" date="2025-12-14T02:55:36.733" instance="91cd92" url="/api/zipdeploy?isAsync=true" method="POST" type="request" pid="772,1,17" Accept="*/*" Host="layoutai-api-dev.scm.azurewebsites.net" User-Agent="AZURECLI/2.81.0 (MSI)" Accept-Encoding="gzip, deflate" Authorization="Bea..." Cache-Control="no-cache" Content-Type="application/octet-stream" Content-Length="2304" x-ms-client-request-id="53a1aeb6-d898-11f0-baa4-6045bd735b4a" x-ms-artifact-checksum="a0eb49f8ff46dc5499a2f0f97ebfe4b6f641357945e577b7db410918297fc4e0" X-ARR-LOG-ID="53a1aeb6-d898-11f0-baa4-6045bd735b4a" CLIENT-IP="20.244.47.139:63802" X-SITE-DEPLOYMENT-ID="layoutai-api-dev" WAS-DEFAULT-HOSTNAME="layoutai-api-dev.scm.azurewebsites.net" X-Forwarded-Proto="https" X-AppService-Proto="https" X-Forwarded-TlsVersion="1.3" X-WAWS-Unencoded-URL="/api/zipdeploy?isAsync=true" X-Client-IP="20.244.47.139" X-Client-Port="63802" >
  <step title="Cleanup Xml Logs" date="2025-12-14T02:55:36.735" /><!-- duration: 4ms -->
  <step title="ZipPushDeploy" date="2025-12-14T02:55:37.451" >
    <step title="ZipDeploy. Extract zip. Remote build." date="2025-12-14T02:55:37.465" /><!-- duration: 7ms -->
    <step title="None repository commit" date="2025-12-14T02:55:37.479" >
      <step title="Commit id: 382568fd-b9b4-4ddb-a7c8-855105e17815" date="2025-12-14T02:55:37.481" Message="N/A" AuthorName="N/A" AuthorEmail="N/A" /><!-- duration: 2ms -->
    </step><!-- duration: 6ms -->
    <step title="Starting PushDeployAsync" date="2025-12-14T02:55:37.488" /><!-- duration: 2ms -->
    <step title="Writing artifact to /tmp/zipdeploy/c08ca0da-5b06-4d2d-8ac4-96a7ce506ee3.zip" date="2025-12-14T02:55:37.515" >
      <step title="Writing multipart request body to /tmp/zipdeploy/c08ca0da-5b06-4d2d-8ac4-96a7ce506ee3.zip" date="2025-12-14T02:55:37.527" /><!-- duration: 9ms -->
    </step><!-- duration: 116ms -->
    <step title="Removing previous build artifact&apos;s manifest file" date="2025-12-14T02:55:37.636" >
      <step title="Start deployment in the background" date="2025-12-14T02:55:37.645" >
        <step title="Acquiring Deployment Lock" date="2025-12-14T02:55:37.690" /><!-- duration: 2ms -->
        <step title="Acquired Deployment Lock" date="2025-12-14T02:55:37.746" /><!-- duration: 4ms -->
      </step><!-- duration: 265ms -->
    </step><!-- duration: 287ms -->
    <step title="Outgoing response" date="2025-12-14T02:55:37.944" type="response" statusCode="202" statusText="Accepted" /><!-- duration: 9ms -->
  </step><!-- duration: 505ms -->
