<step title="Incoming Request" date="2025-12-14T00:00:32.038" instance="91cd92" url="/api/zipdeploy?isAsync=true" method="POST" type="request" pid="772,1,32" Accept="*/*" Host="layoutai-api-dev.scm.azurewebsites.net" User-Agent="AZURECLI/2.81.0 (MSI)" Accept-Encoding="gzip, deflate" Authorization="Bea..." Cache-Control="no-cache" Content-Type="application/octet-stream" Content-Length="1831" x-ms-client-request-id="dba21c20-d87f-11f0-be6e-6045bd735b4a" x-ms-artifact-checksum="3950d8e09d5c75a946403e5ba5efa5e8b22d68436cf82469aa74c1df0087dc9f" X-ARR-LOG-ID="dba21c20-d87f-11f0-be6e-6045bd735b4a" CLIENT-IP="20.244.47.139:58438" X-SITE-DEPLOYMENT-ID="layoutai-api-dev" WAS-DEFAULT-HOSTNAME="layoutai-api-dev.scm.azurewebsites.net" X-Forwarded-Proto="https" X-AppService-Proto="https" X-Forwarded-TlsVersion="1.3" X-WAWS-Unencoded-URL="/api/zipdeploy?isAsync=true" X-Client-IP="20.244.47.139" X-Client-Port="58438" >
  <step title="ZipPushDeploy" date="2025-12-14T00:00:33.265" >
    <step title="ZipDeploy. Extract zip. Remote build." date="2025-12-14T00:00:33.274" /><!-- duration: 5ms -->
    <step title="None repository commit" date="2025-12-14T00:00:33.302" >
      <step title="Commit id: bb720b12-d12a-4831-ac75-6b1acea023de" date="2025-12-14T00:00:33.426" Message="N/A" AuthorName="N/A" AuthorEmail="N/A" /><!-- duration: 4ms -->
    </step><!-- duration: 132ms -->
    <step title="Starting PushDeployAsync" date="2025-12-14T00:00:33.493" /><!-- duration: 82ms -->
    <step title="Writing artifact to /tmp/zipdeploy/cfc49731-6e5d-49b0-8f08-5ec3a5de46e6.zip" date="2025-12-14T00:00:33.664" >
      <step title="Writing multipart request body to /tmp/zipdeploy/cfc49731-6e5d-49b0-8f08-5ec3a5de46e6.zip" date="2025-12-14T00:00:33.675" /><!-- duration: 10ms -->
    </step><!-- duration: 307ms -->
    <step title="Start deployment in the background" date="2025-12-14T00:00:33.980" >
      <step title="Acquiring Deployment Lock" date="2025-12-14T00:00:34.014" /><!-- duration: 3ms -->
      <step title="Acquired Deployment Lock" date="2025-12-14T00:00:34.150" /><!-- duration: 10ms -->
    </step><!-- duration: 354ms -->
  </step><!-- duration: 1082ms -->
  <step title="Outgoing response" date="2025-12-14T00:00:34.373" type="response" statusCode="202" statusText="Accepted" /><!-- duration: 3ms -->
</step><!-- duration: 2344ms -->
