<step title="Incoming Request" date="2025-12-16T05:58:46.322" instance="91cd92" url="/api/zipdeploy?isAsync=true" method="POST" type="request" pid="768,1,16" Accept="*/*" Host="layoutai-api-dev.scm.azurewebsites.net" User-Agent="AZURECLI/2.81.0 (MSI)" Accept-Encoding="gzip, deflate" Authorization="Bea..." Cache-Control="no-cache" Content-Type="application/octet-stream" Content-Length="46118022" x-ms-client-request-id="45185814-da44-11f0-a85d-6045bd735b4a" x-ms-artifact-checksum="71cb725a20937578e5dc894015b263220ae9df5a78c93053376785f2b4c443d4" X-ARR-LOG-ID="45185814-da44-11f0-a85d-6045bd735b4a" CLIENT-IP="20.244.47.139:53838" X-SITE-DEPLOYMENT-ID="layoutai-api-dev" WAS-DEFAULT-HOSTNAME="layoutai-api-dev.scm.azurewebsites.net" X-Forwarded-Proto="https" X-AppService-Proto="https" X-Forwarded-TlsVersion="1.3" X-WAWS-Unencoded-URL="/api/zipdeploy?isAsync=true" X-Client-IP="20.244.47.139" X-Client-Port="53838" >
  <step title="Cleanup Xml Logs" date="2025-12-16T05:58:46.327" /><!-- duration: 5ms -->
  <step title="ZipPushDeploy" date="2025-12-16T05:58:47.008" >
    <step title="ZipDeploy. Extract zip. Remote build." date="2025-12-16T05:58:47.017" /><!-- duration: 2ms -->
    <step title="None repository commit" date="2025-12-16T05:58:47.029" >
      <step title="Commit id: 4013098b-13f1-4ba8-b589-0c6d4acdd90d" date="2025-12-16T05:58:47.031" Message="N/A" AuthorName="N/A" AuthorEmail="N/A" /><!-- duration: 2ms -->
    </step><!-- duration: 7ms -->
    <step title="Starting PushDeployAsync" date="2025-12-16T05:58:47.037" /><!-- duration: 2ms -->
    <step title="Writing artifact to /tmp/zipdeploy/872dc37e-7204-4d2d-a7ed-7ad664e8d9a8.zip" date="2025-12-16T05:58:47.073" >
      <step title="Writing multipart request body to /tmp/zipdeploy/872dc37e-7204-4d2d-a7ed-7ad664e8d9a8.zip" date="2025-12-16T05:58:47.083" /><!-- duration: 7ms -->
    </step><!-- duration: 2595ms -->
    <step title="Removing previous build artifact&apos;s manifest file" date="2025-12-16T05:58:49.676" >
      <step title="Start deployment in the background" date="2025-12-16T05:58:49.706" >
        <step title="Acquiring Deployment Lock" date="2025-12-16T05:58:49.759" /><!-- duration: 2ms -->
        <step title="Acquired Deployment Lock" date="2025-12-16T05:58:49.824" /><!-- duration: 2ms -->
      </step><!-- duration: 217ms -->
    </step><!-- duration: 257ms -->
    <step title="Outgoing response" date="2025-12-16T05:58:49.953" type="response" statusCode="202" statusText="Accepted" /><!-- duration: 7ms -->
  </step><!-- duration: 2954ms -->
