<step title="Incoming Request" date="2025-12-14T06:21:27.448" instance="91cd92" url="/api/zipdeploy?isAsync=true" method="POST" type="request" pid="772,1,31" Accept="*/*" Host="layoutai-api-dev.scm.azurewebsites.net" User-Agent="AZURECLI/2.81.0 (MSI)" Accept-Encoding="gzip, deflate" Authorization="Bea..." Cache-Control="no-cache" Content-Type="application/octet-stream" Content-Length="44953" x-ms-client-request-id="f87b3828-d8b4-11f0-8e24-6045bd735b4a" x-ms-artifact-checksum="c006cd98023ad264bb3e4860bc852c52242db92c1d0cf8e7a10df9da3acb66bb" X-ARR-LOG-ID="f87b3828-d8b4-11f0-8e24-6045bd735b4a" CLIENT-IP="20.244.47.139:55073" X-SITE-DEPLOYMENT-ID="layoutai-api-dev" WAS-DEFAULT-HOSTNAME="layoutai-api-dev.scm.azurewebsites.net" X-Forwarded-Proto="https" X-AppService-Proto="https" X-Forwarded-TlsVersion="1.3" X-WAWS-Unencoded-URL="/api/zipdeploy?isAsync=true" X-Client-IP="20.244.47.139" X-Client-Port="55073" >
  <step title="Cleanup Xml Logs" date="2025-12-14T06:21:27.640" /><!-- duration: 97ms -->
  <step title="ZipPushDeploy" date="2025-12-14T06:21:31.321" >
    <step title="ZipDeploy. Extract zip. Remote build." date="2025-12-14T06:21:31.425" /><!-- duration: 19ms -->
    <step title="None repository commit" date="2025-12-14T06:21:31.598" >
      <step title="Commit id: 3151fb92-7667-46d3-83e3-aef941a9717b" date="2025-12-14T06:21:31.644" Message="N/A" AuthorName="N/A" AuthorEmail="N/A" /><!-- duration: 8ms -->
    </step><!-- duration: 83ms -->
    <step title="Starting PushDeployAsync" date="2025-12-14T06:21:31.709" /><!-- duration: 18ms -->
    <step title="Writing artifact to /tmp/zipdeploy/41803232-d27f-4cc7-b994-fab1792c8a70.zip" date="2025-12-14T06:21:32.042" >
      <step title="Writing multipart request body to /tmp/zipdeploy/41803232-d27f-4cc7-b994-fab1792c8a70.zip" date="2025-12-14T06:21:32.146" /><!-- duration: 40ms -->
    </step><!-- duration: 1479ms -->
    <step title="Removing previous build artifact&apos;s manifest file" date="2025-12-14T06:21:33.612" >
      <step title="Start deployment in the background" date="2025-12-14T06:21:34.004" >
        <step title="Acquiring Deployment Lock" date="2025-12-14T06:21:34.545" /><!-- duration: 112ms -->
        <step title="Acquired Deployment Lock" date="2025-12-14T06:21:36.488" /><!-- duration: 135ms -->
      </step><!-- duration: 3676ms -->
    </step><!-- duration: 4308ms -->
    <step title="Outgoing response" date="2025-12-14T06:21:38.371" type="response" statusCode="202" statusText="Accepted" /><!-- duration: 10ms -->
  </step><!-- duration: 7076ms -->
