<step title="BackgroundTrace" date="2025-12-14T02:38:26.155" instance="91cd92" url="/api/zipdeploy" method="POST" >
  <step title="Cleanup Xml Logs" date="2025-12-14T02:38:26.157" /><!-- duration: 17ms -->
  <step title="Creating temporary deployment - FetchDeploymentManager" date="2025-12-14T02:38:26.266" /><!-- duration: 10ms -->
  <step title="Creating temporary deployment" date="2025-12-14T02:38:26.279" /><!-- duration: 82ms -->
  <step title="Performing fetch based deployment" date="2025-12-14T02:38:26.412" >
    <step title="Cleaning up temp folders from previous zip deployments and extracting pushed zip file /tmp/zipdeploy/98ce2d69-ff95-4fc7-927d-f5d541fd0f32.zip (131.62 MB) to /tmp/zipdeploy/extracted" date="2025-12-14T02:38:27.778" >
      <step title="ChmodRecursive Process exited with total time taken in ms: 385" date="2025-12-14T02:39:06.032" /><!-- duration: 4ms -->
    </step><!-- duration: 38273ms -->
    <step title="Deployment timer started" date="2025-12-14T02:39:08.104" >
      <step title="DeploymentManager.Deploy(id:442f51d9-a21a-4967-befb-6f565be201b7)" date="2025-12-14T02:39:08.112" >
        <step title="Collecting changeset information" date="2025-12-14T02:39:08.162" /><!-- duration: 129ms -->
        <step title="Updating submodules" date="2025-12-14T02:39:08.296" /><!-- duration: 1156ms -->
        <step title="Determining deployment builder" date="2025-12-14T02:39:09.749" >
          <step title="Builder is OryxBuilder" date="2025-12-14T02:39:09.784" /><!-- duration: 4ms -->
        </step><!-- duration: 47ms -->
        <step title="PreDeployment: context.CleanOutputPath False" date="2025-12-14T02:39:09.872" >
          <step title="PreDeployment: context.OutputPath /home/site/wwwroot" date="2025-12-14T02:39:10.010" >
            <step title="Building" date="2025-12-14T02:39:10.166" >
              <step title="Executing external process" date="2025-12-14T02:39:10.498" type="process" path="bash" arguments="-c &quot;oryx build /tmp/zipdeploy/extracted -o /home/site/wwwroot --platform python --platform-version 3.11 -p virtualenv_name=antenv --log-file /tmp/build-debug.log  -i /tmp/8de3ab9f5a9740a --compress-destination-dir | tee /tmp/oryx-build.log ; exit $PIPESTATUS &quot;" >
                <step title="Cpu: gzip(4983,18.910s)+sh(4982,0.000s)+tar(4980,2.080s)+build.sh(4796,0.120s)+oryx(4759,11.010s)+tee(4760,0.010s)+bash(4758,0.000s)=total(32.120s)" date="2025-12-14T02:42:59.783" /><!-- duration: 59ms -->
                <step title="bash: no io activity for 60s, prev-cpu=-1.000s, current-cpu=32.120s" date="2025-12-14T02:42:59.916" /><!-- duration: 69ms -->
                <step title="Cpu: gzip(4983,51.170s)+sh(4982,0.000s)+tar(4980,6.670s)+build.sh(4796,0.120s)+oryx(4759,11.030s)+tee(4760,0.010s)+bash(4758,0.000s)=total(68.990s)" date="2025-12-14T02:44:00.445" /><!-- duration: 8ms -->
                <step title="bash: no io activity for 123s, prev-cpu=32.120s, current-cpu=68.990s" date="2025-12-14T02:44:00.462" /><!-- duration: 54ms -->
              </step><!-- duration: 315801ms -->
              <step title="Using PythonDeploymentLogParser" date="2025-12-14T02:44:26.642" /><!-- duration: 5ms -->
              <step title="Triggering recycle (preview mode disabled)." date="2025-12-14T02:44:27.788" /><!-- duration: 10ms -->
              <step title="Modified file to trigger a restart of the app container." date="2025-12-14T02:44:27.819" /><!-- duration: 2ms -->
              <step title="Skip function trigger and logicapp sync because function is not enabled." date="2025-12-14T02:44:27.825" /><!-- duration: 2ms -->
            </step><!-- duration: 318393ms -->
          </step><!-- duration: 318552ms -->
          <step title="Cleaning up temp files" date="2025-12-14T02:44:28.564" /><!-- duration: 6008ms -->
          <step title="Cleaning up temp files" date="2025-12-14T02:44:34.578" /><!-- duration: 520ms -->
          <step title="Reloading status file with latest updates" date="2025-12-14T02:44:35.133" >
            <step title="WebHooksManager.PublishEventAsync: PostDeployment" date="2025-12-14T02:44:35.136" /><!-- duration: 79ms -->
          </step><!-- duration: 85ms -->
          <step title="Cleaning up temporary deployment - fetch deployment was successful" date="2025-12-14T02:44:35.235" /><!-- duration: 2ms -->
        </step><!-- duration: 325405ms -->
      </step><!-- duration: 327180ms -->
