<step title="BackgroundTrace" date="2025-12-14T02:45:13.894" instance="91cd92" url="/api/zipdeploy" method="POST" >
  <step title="Creating temporary deployment - FetchDeploymentManager" date="2025-12-14T02:45:14.066" /><!-- duration: 9ms -->
  <step title="Creating temporary deployment" date="2025-12-14T02:45:14.120" /><!-- duration: 374ms -->
  <step title="Performing fetch based deployment" date="2025-12-14T02:45:14.655" >
    <step title="Cleaning up temp folders from previous zip deployments and extracting pushed zip file /tmp/zipdeploy/eff6d01b-9d4a-4fec-8181-3dbab63baad7.zip (0.00 MB) to /tmp/zipdeploy/extracted" date="2025-12-14T02:45:16.189" >
      <step title="ChmodRecursive Process exited with total time taken in ms: 181" date="2025-12-14T02:45:42.047" /><!-- duration: 19ms -->
    </step><!-- duration: 25889ms -->
    <step title="Deployment timer started" date="2025-12-14T02:45:44.131" >
      <step title="DeploymentManager.Deploy(id:2c74ef36-3319-419d-91af-1aba1a721f3e)" date="2025-12-14T02:45:44.152" >
        <step title="Collecting changeset information" date="2025-12-14T02:45:44.237" /><!-- duration: 303ms -->
        <step title="Updating submodules" date="2025-12-14T02:45:44.595" /><!-- duration: 1285ms -->
        <step title="Determining deployment builder" date="2025-12-14T02:45:46.424" >
          <step title="Builder is OryxBuilder" date="2025-12-14T02:45:46.440" /><!-- duration: 10ms -->
        </step><!-- duration: 29ms -->
        <step title="PreDeployment: context.CleanOutputPath False" date="2025-12-14T02:45:46.523" >
          <step title="PreDeployment: context.OutputPath /home/site/wwwroot" date="2025-12-14T02:45:46.642" >
            <step title="Building" date="2025-12-14T02:45:46.800" >
              <step title="Executing external process" date="2025-12-14T02:45:47.341" type="process" path="bash" arguments="-c &quot;oryx build /tmp/zipdeploy/extracted -o /home/site/wwwroot --platform python --platform-version 3.11 -p virtualenv_name=antenv --log-file /tmp/build-debug.log  -i /tmp/8de3abae2177633 --compress-destination-dir | tee /tmp/oryx-build.log ; exit $PIPESTATUS &quot;" /><!-- duration: 74670ms -->
              <step title="Using PythonDeploymentLogParser" date="2025-12-14T02:47:03.546" /><!-- duration: 76ms -->
              <step title="Triggering recycle (preview mode disabled)." date="2025-12-14T02:47:07.189" /><!-- duration: 11ms -->
              <step title="Modified file to trigger a restart of the app container." date="2025-12-14T02:47:07.224" /><!-- duration: 2ms -->
              <step title="Skip function trigger and logicapp sync because function is not enabled." date="2025-12-14T02:47:07.230" /><!-- duration: 2ms -->
            </step><!-- duration: 81188ms -->
          </step><!-- duration: 81350ms -->
          <step title="Cleaning up temp files" date="2025-12-14T02:47:08.000" /><!-- duration: 778ms -->
          <step title="Cleaning up temp files" date="2025-12-14T02:47:08.782" /><!-- duration: 509ms -->
          <step title="Reloading status file with latest updates" date="2025-12-14T02:47:09.319" >
            <step title="WebHooksManager.PublishEventAsync: PostDeployment" date="2025-12-14T02:47:09.322" /><!-- duration: 80ms -->
          </step><!-- duration: 93ms -->
          <step title="Cleaning up temporary deployment - fetch deployment was successful" date="2025-12-14T02:47:09.425" /><!-- duration: 2ms -->
        </step><!-- duration: 82940ms -->
      </step><!-- duration: 85326ms -->
