<step title="BackgroundTrace" date="2025-12-16T06:15:53.287" instance="91cd92" url="/api/zipdeploy" method="POST" >
  <step title="Cleanup Xml Logs" date="2025-12-16T06:15:53.294" /><!-- duration: 5ms -->
  <step title="Creating temporary deployment - FetchDeploymentManager" date="2025-12-16T06:15:53.383" /><!-- duration: 5ms -->
  <step title="Creating temporary deployment" date="2025-12-16T06:15:53.391" /><!-- duration: 340ms -->
  <step title="Performing fetch based deployment" date="2025-12-16T06:15:53.818" >
    <step title="Cleaning up temp folders from previous zip deployments and extracting pushed zip file /tmp/zipdeploy/238af3d6-a1ca-43a8-bd1f-673a901144e5.zip (43.98 MB) to /tmp/zipdeploy/extracted" date="2025-12-16T06:15:55.011" >
      <step title="ChmodRecursive Process exited with total time taken in ms: 344" date="2025-12-16T06:16:08.218" /><!-- duration: 2ms -->
    </step><!-- duration: 13216ms -->
    <step title="Deployment timer started" date="2025-12-16T06:16:10.275" >
      <step title="DeploymentManager.Deploy(id:174e4c75-6144-4f97-a605-02f08f1a7d63)" date="2025-12-16T06:16:10.289" >
        <step title="Collecting changeset information" date="2025-12-16T06:16:10.330" /><!-- duration: 98ms -->
        <step title="Updating submodules" date="2025-12-16T06:16:10.432" /><!-- duration: 1154ms -->
        <step title="Determining deployment builder" date="2025-12-16T06:16:11.860" >
          <step title="Builder is OryxBuilder" date="2025-12-16T06:16:11.876" /><!-- duration: 8ms -->
        </step><!-- duration: 32ms -->
        <step title="PreDeployment: context.CleanOutputPath False" date="2025-12-16T06:16:11.954" >
          <step title="PreDeployment: context.OutputPath /home/site/wwwroot" date="2025-12-16T06:16:12.320" >
            <step title="Building" date="2025-12-16T06:16:12.495" >
              <step title="Executing external process" date="2025-12-16T06:16:12.860" type="process" path="bash" arguments="-c &quot;oryx build /tmp/zipdeploy/extracted -o /home/site/wwwroot --platform python --platform-version 3.10 -p virtualenv_name=antenv --log-file /tmp/build-debug.log  -i /tmp/8de3c6a9c42f910 --compress-destination-dir | tee /tmp/oryx-build.log ; exit $PIPESTATUS &quot;" >
                <step title="Cpu: python(1039,23.830s)+ts(1040,0.150s)+build.sh(1038,0.000s)+build.sh(1037,0.000s)+build.sh(935,0.070s)+oryx(915,5.980s)+tee(916,0.010s)+bash(914,0.000s)=total(30.030s)" date="2025-12-16T06:18:16.121" /><!-- duration: 30ms -->
                <step title="bash: no io activity for 61s, prev-cpu=-1.000s, current-cpu=30.030s" date="2025-12-16T06:18:16.168" /><!-- duration: 2ms -->
              </step><!-- duration: 245476ms -->
              <step title="Using PythonDeploymentLogParser" date="2025-12-16T06:20:18.825" /><!-- duration: 7ms -->
              <step title="Triggering recycle (preview mode disabled)." date="2025-12-16T06:20:20.073" /><!-- duration: 24ms -->
              <step title="Modified file to trigger a restart of the app container." date="2025-12-16T06:20:20.136" /><!-- duration: 2ms -->
              <step title="Skip function trigger and logicapp sync because function is not enabled." date="2025-12-16T06:20:20.164" /><!-- duration: 3ms -->
            </step><!-- duration: 248709ms -->
          </step><!-- duration: 248887ms -->
          <step title="Cleaning up temp files" date="2025-12-16T06:20:21.210" /><!-- duration: 3104ms -->
          <step title="Cleaning up temp files" date="2025-12-16T06:20:24.323" /><!-- duration: 507ms -->
          <step title="Reloading status file with latest updates" date="2025-12-16T06:20:24.856" >
            <step title="WebHooksManager.PublishEventAsync: PostDeployment" date="2025-12-16T06:20:24.863" /><!-- duration: 99ms -->
          </step><!-- duration: 114ms -->
          <step title="Cleaning up temporary deployment - fetch deployment was successful" date="2025-12-16T06:20:24.975" /><!-- duration: 3ms -->
        </step><!-- duration: 253081ms -->
      </step><!-- duration: 254758ms -->
