<step title="BackgroundTrace" date="2025-12-16T05:58:49.713" instance="91cd92" url="/api/zipdeploy" method="POST" >
  <step title="Cleanup Xml Logs" date="2025-12-16T05:58:49.725" /><!-- duration: 8ms -->
  <step title="Creating temporary deployment - FetchDeploymentManager" date="2025-12-16T05:58:49.828" /><!-- duration: 2ms -->
  <step title="Creating temporary deployment" date="2025-12-16T05:58:49.833" /><!-- duration: 84ms -->
  <step title="Performing fetch based deployment" date="2025-12-16T05:58:49.979" >
    <step title="Cleaning up temp folders from previous zip deployments and extracting pushed zip file /tmp/zipdeploy/872dc37e-7204-4d2d-a7ed-7ad664e8d9a8.zip (43.98 MB) to /tmp/zipdeploy/extracted" date="2025-12-16T05:58:51.196" >
      <step title="ChmodRecursive Process exited with total time taken in ms: 526" date="2025-12-16T05:59:02.183" /><!-- duration: 23ms -->
    </step><!-- duration: 11015ms -->
    <step title="Deployment timer started" date="2025-12-16T05:59:04.244" >
      <step title="DeploymentManager.Deploy(id:4013098b-13f1-4ba8-b589-0c6d4acdd90d)" date="2025-12-16T05:59:04.256" >
        <step title="Collecting changeset information" date="2025-12-16T05:59:04.284" /><!-- duration: 137ms -->
        <step title="Updating submodules" date="2025-12-16T05:59:04.426" /><!-- duration: 1101ms -->
        <step title="Determining deployment builder" date="2025-12-16T05:59:06.063" >
          <step title="Builder is OryxBuilder" date="2025-12-16T05:59:06.089" /><!-- duration: 2ms -->
        </step><!-- duration: 30ms -->
        <step title="PreDeployment: context.CleanOutputPath False" date="2025-12-16T05:59:06.148" >
          <step title="PreDeployment: context.OutputPath /home/site/wwwroot" date="2025-12-16T05:59:06.269" >
            <step title="Building" date="2025-12-16T05:59:06.664" >
              <step title="Executing external process" date="2025-12-16T05:59:07.079" type="process" path="bash" arguments="-c &quot;oryx build /tmp/zipdeploy/extracted -o /home/site/wwwroot --platform python --platform-version 3.10 -p virtualenv_name=antenv --log-file /tmp/build-debug.log  -i /tmp/8de3c6838d62c75 --compress-destination-dir | tee /tmp/oryx-build.log ; exit $PIPESTATUS &quot;" >
                <step title="Cpu: python(987,43.940s)+ts(988,0.180s)+build.sh(986,0.000s)+build.sh(985,0.000s)+build.sh(886,0.100s)+oryx(865,4.780s)+tee(866,0.010s)+bash(864,0.000s)=total(48.990s)" date="2025-12-16T06:00:56.877" /><!-- duration: 16ms -->
                <step title="bash: no io activity for 60s, prev-cpu=-1.000s, current-cpu=48.990s" date="2025-12-16T06:00:56.931" /><!-- duration: 2ms -->
                <step title="Cpu: gzip(1073,23.910s)+sh(1072,0.000s)+tar(1071,2.950s)+build.sh(886,0.110s)+oryx(865,5.490s)+tee(866,0.010s)+bash(864,0.000s)=total(32.470s)" date="2025-12-16T06:02:42.541" /><!-- duration: 10ms -->
                <step title="bash: no io activity for 60s, prev-cpu=-1.000s, current-cpu=32.470s" date="2025-12-16T06:02:42.560" /><!-- duration: 9ms -->
              </step><!-- duration: 254417ms -->
              <step title="Using PythonDeploymentLogParser" date="2025-12-16T06:03:22.140" /><!-- duration: 19ms -->
              <step title="Triggering recycle (preview mode disabled)." date="2025-12-16T06:03:23.650" /><!-- duration: 10ms -->
              <step title="Modified file to trigger a restart of the app container." date="2025-12-16T06:03:23.697" /><!-- duration: 2ms -->
              <step title="Skip function trigger and logicapp sync because function is not enabled." date="2025-12-16T06:03:23.717" /><!-- duration: 9ms -->
            </step><!-- duration: 257982ms -->
          </step><!-- duration: 258381ms -->
          <step title="Cleaning up temp files" date="2025-12-16T06:03:24.652" /><!-- duration: 6180ms -->
          <step title="Cleaning up temp files" date="2025-12-16T06:03:30.899" /><!-- duration: 586ms -->
          <step title="Reloading status file with latest updates" date="2025-12-16T06:03:31.511" >
            <step title="WebHooksManager.PublishEventAsync: PostDeployment" date="2025-12-16T06:03:31.520" /><!-- duration: 276ms -->
          </step><!-- duration: 288ms -->
          <step title="Cleaning up temporary deployment - fetch deployment was successful" date="2025-12-16T06:03:31.827" /><!-- duration: 15ms -->
        </step><!-- duration: 265754ms -->
      </step><!-- duration: 267672ms -->
