<step title="BackgroundTrace" date="2025-12-14T00:00:33.984" instance="91cd92" url="/api/zipdeploy" method="POST" >
  <step title="Creating temporary deployment - FetchDeploymentManager" date="2025-12-14T00:00:34.162" /><!-- duration: 27ms -->
  <step title="Creating temporary deployment" date="2025-12-14T00:00:34.194" /><!-- duration: 135ms -->
  <step title="Performing fetch based deployment" date="2025-12-14T00:00:34.400" >
    <step title="Cleaning up temp folders from previous zip deployments and extracting pushed zip file /tmp/zipdeploy/cfc49731-6e5d-49b0-8f08-5ec3a5de46e6.zip (0.00 MB) to /tmp/zipdeploy/extracted" date="2025-12-14T00:00:35.649" >
      <step title="ChmodRecursive Process exited with total time taken in ms: 115" date="2025-12-14T00:00:35.836" /><!-- duration: 3ms -->
    </step><!-- duration: 196ms -->
    <step title="Deployment timer started" date="2025-12-14T00:00:37.868" >
      <step title="DeploymentManager.Deploy(id:bb720b12-d12a-4831-ac75-6b1acea023de)" date="2025-12-14T00:00:37.876" >
        <step title="Collecting changeset information" date="2025-12-14T00:00:37.941" /><!-- duration: 100ms -->
        <step title="Updating submodules" date="2025-12-14T00:00:38.050" /><!-- duration: 1149ms -->
        <step title="Determining deployment builder" date="2025-12-14T00:00:39.482" >
          <step title="Builder is OryxBuilder" date="2025-12-14T00:00:39.508" /><!-- duration: 4ms -->
        </step><!-- duration: 37ms -->
        <step title="PreDeployment: context.CleanOutputPath False" date="2025-12-14T00:00:39.581" >
          <step title="PreDeployment: context.OutputPath /home/site/wwwroot" date="2025-12-14T00:00:39.734" >
            <step title="Building" date="2025-12-14T00:00:39.958" >
              <step title="Executing external process" date="2025-12-14T00:00:40.630" type="process" path="bash" arguments="-c &quot;oryx build /tmp/zipdeploy/extracted -o /home/site/wwwroot --platform python --platform-version 3.11 -p virtualenv_name=antenv --log-file /tmp/build-debug.log  -i /tmp/8de3aa3d11739f1 --compress-destination-dir | tee /tmp/oryx-build.log ; exit $PIPESTATUS &quot;" /><!-- duration: 150314ms -->
              <step title="Using PythonDeploymentLogParser" date="2025-12-14T00:03:11.989" /><!-- duration: 56ms -->
              <step title="Triggering recycle (preview mode disabled)." date="2025-12-14T00:03:14.644" /><!-- duration: 17ms -->
              <step title="Modified file to trigger a restart of the app container." date="2025-12-14T00:03:14.711" /><!-- duration: 10ms -->
              <step title="Skip function trigger and logicapp sync because function is not enabled." date="2025-12-14T00:03:14.780" /><!-- duration: 17ms -->
            </step><!-- duration: 156065ms -->
          </step><!-- duration: 156301ms -->
          <step title="Cleaning up temp files" date="2025-12-14T00:03:16.060" /><!-- duration: 1609ms -->
          <step title="Cleaning up temp files" date="2025-12-14T00:03:17.677" /><!-- duration: 545ms -->
          <step title="Reloading status file with latest updates" date="2025-12-14T00:03:18.401" >
            <step title="WebHooksManager.PublishEventAsync: PostDeployment" date="2025-12-14T00:03:18.428" /><!-- duration: 764ms -->
          </step><!-- duration: 800ms -->
          <step title="Cleaning up temporary deployment - fetch deployment was successful" date="2025-12-14T00:03:19.241" /><!-- duration: 19ms -->
        </step><!-- duration: 159792ms -->
      </step><!-- duration: 161593ms -->
