<step title="BackgroundTrace" date="2025-12-14T06:21:34.040" instance="91cd92" url="/api/zipdeploy" method="POST" >
  <step title="Cleanup Xml Logs" date="2025-12-14T06:21:34.052" /><!-- duration: 82ms -->
  <step title="Creating temporary deployment - FetchDeploymentManager" date="2025-12-14T06:21:36.633" /><!-- duration: 20ms -->
  <step title="Creating temporary deployment" date="2025-12-14T06:21:36.697" /><!-- duration: 820ms -->
  <step title="Performing fetch based deployment" date="2025-12-14T06:21:38.674" >
    <step title="Cleaning up temp folders from previous zip deployments and extracting pushed zip file /tmp/zipdeploy/41803232-d27f-4cc7-b994-fab1792c8a70.zip (0.04 MB) to /tmp/zipdeploy/extracted" date="2025-12-14T06:21:41.110" >
      <step title="ChmodRecursive Process exited with total time taken in ms: 360" date="2025-12-14T06:21:43.348" /><!-- duration: 11ms -->
    </step><!-- duration: 2298ms -->
    <step title="Deployment timer started" date="2025-12-14T06:21:45.838" >
      <step title="DeploymentManager.Deploy(id:3151fb92-7667-46d3-83e3-aef941a9717b)" date="2025-12-14T06:21:45.867" >
        <step title="Collecting changeset information" date="2025-12-14T06:21:46.046" /><!-- duration: 1361ms -->
        <step title="Updating submodules" date="2025-12-14T06:21:47.837" /><!-- duration: 2620ms -->
        <step title="Determining deployment builder" date="2025-12-14T06:22:00.084" >
          <step title="Builder is OryxBuilder" date="2025-12-14T06:22:00.889" /><!-- duration: 88ms -->
        </step><!-- duration: 2303ms -->
        <step title="PreDeployment: context.CleanOutputPath False" date="2025-12-14T06:22:06.927" >
          <step title="PreDeployment: context.OutputPath /home/site/wwwroot" date="2025-12-14T06:22:08.962" >
            <step title="Building" date="2025-12-14T06:22:12.846" >
              <step title="Executing external process" date="2025-12-14T06:22:17.664" type="process" path="bash" arguments="-c &quot;oryx build /tmp/zipdeploy/extracted -o /home/site/wwwroot --platform python --platform-version 3.11 -p virtualenv_name=antenv --log-file /tmp/build-debug.log  -i /tmp/8de3ad91909a491 --compress-destination-dir | tee /tmp/oryx-build.log ; exit $PIPESTATUS &quot;" 