<step title="Incoming Request" date="2025-12-14T02:45:13.235" instance="91cd92" url="/api/zipdeploy?isAsync=true" method="POST" type="request" pid="772,1,29" Accept="*/*" Host="layoutai-api-dev.scm.azurewebsites.net" User-Agent="AZURECLI/2.81.0 (MSI)" Accept-Encoding="gzip, deflate" Authorization="Bea..." Cache-Control="no-cache" Content-Type="application/octet-stream" Content-Length="2196" x-ms-client-request-id="de52faef-d896-11f0-845e-6045bd735b4a" x-ms-artifact-checksum="9d35798ce30e002edd9202eb79aa12123031c5bfbdeff9190190dcfeebf5ba30" X-ARR-LOG-ID="de52faef-d896-11f0-845e-6045bd735b4a" CLIENT-IP="20.244.47.139:63457" X-SITE-DEPLOYMENT-ID="layoutai-api-dev" WAS-DEFAULT-HOSTNAME="layoutai-api-dev.scm.azurewebsites.net" X-Forwarded-Proto="https" X-AppService-Proto="https" X-Forwarded-TlsVersion="1.3" X-WAWS-Unencoded-URL="/api/zipdeploy?isAsync=true" X-Client-IP="20.244.47.139" X-Client-Port="63457" >
  <step title="Cleanup Xml Logs" date="2025-12-14T02:45:13.241" /><!-- duration: 48ms -->
  <step title="ZipPushDeploy" date="2025-12-14T02:45:13.520" >
    <step title="ZipDeploy. Extract zip. Remote build." date="2025-12-14T02:45:13.593" /><!-- duration: 9ms -->
    <step title="Starting PushDeployAsync" date="2025-12-14T02:45:13.620" /><!-- duration: 2ms -->
    <step title="Writing artifact to /tmp/zipdeploy/eff6d01b-9d4a-4fec-8181-3dbab63baad7.zip" date="2025-12-14T02:45:13.668" >
      <step title="Writing multipart request body to /tmp/zipdeploy/eff6d01b-9d4a-4fec-8181-3dbab63baad7.zip" date="2025-12-14T02:45:13.678" /><!-- duration: 19ms -->
    </step><!-- duration: 114ms -->
    <step title="Removing previous build artifact&apos;s manifest file" date="2025-12-14T02:45:13.802" >
      <step title="Start deployment in the background" date="2025-12-14T02:45:13.866" >
        <step title="Acquiring Deployment Lock" date="2025-12-14T02:45:13.906" /><!-- duration: 9ms -->
        <step title="Acquired Deployment Lock" date="2025-12-14T02:45:14.046" /><!-- duration: 11ms -->
      </step><!-- duration: 674ms -->
    </step><!-- duration: 777ms -->
    <step title="Outgoing response" date="2025-12-14T02:45:14.607" type="response" statusCode="202" statusText="Accepted" /><!-- duration: 10ms -->
  </step><!-- duration: 1106ms -->
