<step title="Incoming Request" date="2025-12-14T06:31:59.736" instance="91cd92" url="/api/zipdeploy?isAsync=true" method="POST" type="request" pid="774,1,16" Accept="*/*" Host="layoutai-api-dev.scm.azurewebsites.net" User-Agent="AZURECLI/2.81.0 (MSI)" Accept-Encoding="gzip, deflate" Authorization="Bea..." Cache-Control="no-cache" Content-Type="application/octet-stream" Content-Length="20249985" x-ms-client-request-id="95b8148a-d8b6-11f0-aea5-6045bd735b4a" x-ms-artifact-checksum="f0459f72349a9140998b419032d99e31d80f502e05c1ea24c2ded5b93a477576" X-ARR-LOG-ID="95b8148a-d8b6-11f0-aea5-6045bd735b4a" CLIENT-IP="20.244.47.139:55396" X-SITE-DEPLOYMENT-ID="layoutai-api-dev" WAS-DEFAULT-HOSTNAME="layoutai-api-dev.scm.azurewebsites.net" X-Forwarded-Proto="https" X-AppService-Proto="https" X-Forwarded-TlsVersion="1.3" X-WAWS-Unencoded-URL="/api/zipdeploy?isAsync=true" X-Client-IP="20.244.47.139" X-Client-Port="55396" >
  <step title="Cleanup Xml Logs" date="2025-12-14T06:31:59.744" /><!-- duration: 4ms -->
  <step title="ZipPushDeploy" date="2025-12-14T06:32:02.818" >
    <step title="ZipDeploy. Extract zip. Remote build." date="2025-12-14T06:32:02.853" /><!-- duration: 18ms -->
    <step title="None repository commit" date="2025-12-14T06:32:03.012" >
      <step title="Commit id: 89df868e-188b-494c-8d05-c378fec5d6fc" date="2025-12-14T06:32:03.040" Message="N/A" AuthorName="N/A" AuthorEmail="N/A" /><!-- duration: 10ms -->
    </step><!-- duration: 40ms -->
    <step title="Starting PushDeployAsync" date="2025-12-14T06:32:03.097" /><!-- duration: 12ms -->
    <step title="Writing artifact to /tmp/zipdeploy/cb6d7cd3-6250-4010-856e-49fb06da4fc9.zip" date="2025-12-14T06:32:03.203" >
      <step title="Writing multipart request body to /tmp/zipdeploy/cb6d7cd3-6250-4010-856e-49fb06da4fc9.zip" date="2025-12-14T06:32:03.225" /><!-- duration: 9ms -->
    </step><!-- duration: 2995ms -->
    <step title="Start deployment in the background" date="2025-12-14T06:32:06.322" >
      <step title="Acquiring Deployment Lock" date="2025-12-14T06:32:06.547" /><!-- duration: 66ms -->
      <step title="Acquired Deployment Lock" date="2025-12-14T06:32:06.737" /><!-- duration: 10ms -->
    </step><!-- duration: 662ms -->
  </step><!-- duration: 4211ms -->
  <step title="Outgoing response" date="2025-12-14T06:32:07.088" type="response" statusCode="202" statusText="Accepted" /><!-- duration: 9ms -->
</step><!-- duration: 7380ms -->
