<step title="Incoming Request" date="2025-12-16T06:15:49.876" instance="91cd92" url="/api/zipdeploy?isAsync=true" method="POST" type="request" pid="772,1,17" Accept="*/*" Host="layoutai-api-dev.scm.azurewebsites.net" User-Agent="AZURECLI/2.81.0 (MSI)" Accept-Encoding="gzip, deflate" Authorization="Bea..." Cache-Control="no-cache" Content-Type="application/octet-stream" Content-Length="46118047" x-ms-client-request-id="a72d97a7-da46-11f0-bb1a-6045bd735b4a" x-ms-artifact-checksum="db0430a0327e4ac66a060971f968430eac0ca132fe1e5b84256fcf4776019704" X-ARR-LOG-ID="a72d97a7-da46-11f0-bb1a-6045bd735b4a" CLIENT-IP="20.244.47.139:54360" X-SITE-DEPLOYMENT-ID="layoutai-api-dev" WAS-DEFAULT-HOSTNAME="layoutai-api-dev.scm.azurewebsites.net" X-Forwarded-Proto="https" X-AppService-Proto="https" X-Forwarded-TlsVersion="1.3" X-WAWS-Unencoded-URL="/api/zipdeploy?isAsync=true" X-Client-IP="20.244.47.139" X-Client-Port="54360" >
  <step title="ZipPushDeploy" date="2025-12-16T06:15:50.735" >
    <step title="ZipDeploy. Extract zip. Remote build." date="2025-12-16T06:15:50.746" /><!-- duration: 3ms -->
    <step title="None repository commit" date="2025-12-16T06:15:50.756" >
      <step title="Commit id: 174e4c75-6144-4f97-a605-02f08f1a7d63" date="2025-12-16T06:15:50.760" Message="N/A" AuthorName="N/A" AuthorEmail="N/A" /><!-- duration: 2ms -->
    </step><!-- duration: 9ms -->
    <step title="Starting PushDeployAsync" date="2025-12-16T06:15:50.767" /><!-- duration: 2ms -->
    <step title="Writing artifact to /tmp/zipdeploy/238af3d6-a1ca-43a8-bd1f-673a901144e5.zip" date="2025-12-16T06:15:50.796" >
      <step title="Writing multipart request body to /tmp/zipdeploy/238af3d6-a1ca-43a8-bd1f-673a901144e5.zip" date="2025-12-16T06:15:50.800" /><!-- duration: 13ms -->
    </step><!-- duration: 2431ms -->
    <step title="Removing previous build artifact&apos;s manifest file" date="2025-12-16T06:15:53.249" >
      <step title="Start deployment in the background" date="2025-12-16T06:15:53.283" >
        <step title="Acquiring Deployment Lock" date="2025-12-16T06:15:53.314" /><!-- duration: 8ms -->
        <step title="Acquired Deployment Lock" date="2025-12-16T06:15:53.378" /><!-- duration: 3ms -->
      </step><!-- duration: 460ms -->
    </step><!-- duration: 512ms -->
    <step title="Outgoing response" date="2025-12-16T06:15:53.788" type="response" statusCode="202" statusText="Accepted" /><!-- duration: 3ms -->
  </step><!-- duration: 3058ms -->
