<step title="Incoming Request" date="2025-12-14T02:38:15.557" instance="91cd92" url="/api/zipdeploy?isAsync=true" method="POST" type="request" pid="772,1,26" Accept="*/*" Host="layoutai-api-dev.scm.azurewebsites.net" User-Agent="AZURECLI/2.81.0 (MSI)" Accept-Encoding="gzip, deflate" Authorization="Bea..." Cache-Control="no-cache" Content-Type="application/octet-stream" Content-Length="138015028" x-ms-client-request-id="d02d5211-d894-11f0-a19f-6045bd735b4a" x-ms-artifact-checksum="5cc102b8560eda0c9d3452e75a4d9a85d3bdb6a3ae55019ae5fbeafac688d218" X-ARR-LOG-ID="d02d5211-d894-11f0-a19f-6045bd735b4a" CLIENT-IP="20.244.47.139:63219" X-SITE-DEPLOYMENT-ID="layoutai-api-dev" WAS-DEFAULT-HOSTNAME="layoutai-api-dev.scm.azurewebsites.net" X-Forwarded-Proto="https" X-AppService-Proto="https" X-Forwarded-TlsVersion="1.3" X-WAWS-Unencoded-URL="/api/zipdeploy?isAsync=true" X-Client-IP="20.244.47.139" X-Client-Port="63219" >
  <step title="Cleanup Xml Logs" date="2025-12-14T02:38:15.586" /><!-- duration: 10ms -->
  <step title="ZipPushDeploy" date="2025-12-14T02:38:15.951" >
    <step title="ZipDeploy. Extract zip. Remote build." date="2025-12-14T02:38:15.964" /><!-- duration: 7ms -->
    <step title="Starting PushDeployAsync" date="2025-12-14T02:38:15.975" /><!-- duration: 5ms -->
    <step title="Writing artifact to /tmp/zipdeploy/98ce2d69-ff95-4fc7-927d-f5d541fd0f32.zip" date="2025-12-14T02:38:16.027" >
      <step title="Writing multipart request body to /tmp/zipdeploy/98ce2d69-ff95-4fc7-927d-f5d541fd0f32.zip" date="2025-12-14T02:38:16.059" /><!-- duration: 8ms -->
    </step><!-- duration: 10061ms -->
    <step title="Removing previous build artifact&apos;s manifest file" date="2025-12-14T02:38:26.108" >
      <step title="Start deployment in the background" date="2025-12-14T02:38:26.146" >
        <step title="Acquiring Deployment Lock" date="2025-12-14T02:38:26.211" /><!-- duration: 8ms -->
        <step title="Acquired Deployment Lock" date="2025-12-14T02:38:26.252" /><!-- duration: 4ms -->
      </step><!-- duration: 217ms -->
    </step><!-- duration: 267ms -->
    <step title="Outgoing response" date="2025-12-14T02:38:26.383" type="response" statusCode="202" statusText="Accepted" /><!-- duration: 2ms -->
  </step><!-- duration: 10439ms -->
