<step title="BackgroundTrace" date="2025-12-14T02:55:37.648" instance="91cd92" url="/api/zipdeploy" method="POST" >
  <step title="Creating temporary deployment - FetchDeploymentManager" date="2025-12-14T02:55:37.757" /><!-- duration: 2ms -->
  <step title="Creating temporary deployment" date="2025-12-14T02:55:37.773" /><!-- duration: 133ms -->
  <step title="Performing fetch based deployment" date="2025-12-14T02:55:37.966" >
    <step title="Cleaning up temp folders from previous zip deployments and extracting pushed zip file /tmp/zipdeploy/c08ca0da-5b06-4d2d-8ac4-96a7ce506ee3.zip (0.00 MB) to /tmp/zipdeploy/extracted" date="2025-12-14T02:55:39.155" >
      <step title="ChmodRecursive Process exited with total time taken in ms: 132" date="2025-12-14T02:55:39.370" /><!-- duration: 11ms -->
    </step><!-- duration: 241ms -->
    <step title="Deployment timer started" date="2025-12-14T02:55:41.447" >
      <step title="DeploymentManager.Deploy(id:382568fd-b9b4-4ddb-a7c8-855105e17815)" date="2025-12-14T02:55:41.456" >
        <step title="Collecting changeset information" date="2025-12-14T02:55:41.486" /><!-- duration: 85ms -->
        <step title="Updating submodules" date="2025-12-14T02:55:41.575" /><!-- duration: 1137ms -->
        <step title="Determining deployment builder" date="2025-12-14T02:55:43.275" >
          <step title="Builder is OryxBuilder" date="2025-12-14T02:55:43.286" /><!-- duration: 2ms -->
        </step><!-- duration: 45ms -->
        <step title="PreDeployment: context.CleanOutputPath False" date="2025-12-14T02:55:43.373" >
          <step title="PreDeployment: context.OutputPath /home/site/wwwroot" date="2025-12-14T02:55:43.502" >
            <step title="Building" date="2025-12-14T02:55:43.681" >
              <step title="Executing external process" date="2025-12-14T02:55:44.461" type="process" path="bash" arguments="-c &quot;oryx build /tmp/zipdeploy/extracted -o /home/site/wwwroot --platform python --platform-version 3.11 -p virtualenv_name=antenv --log-file /tmp/build-debug.log  -i /tmp/8de3abc45d85b68 --compress-destination-dir | tee /tmp/oryx-build.log ; exit $PIPESTATUS &quot;" /><!-- duration: 104261ms -->
              <step title="Using PythonDeploymentLogParser" date="2025-12-14T02:57:29.755" /><!-- duration: 16ms -->
              <step title="Triggering recycle (preview mode disabled)." date="2025-12-14T02:57:31.915" /><!-- duration: 28ms -->
              <step title="Modified file to trigger a restart of the app container." date="2025-12-14T02:57:32.021" /><!-- duration: 10ms -->
              <step title="Skip function trigger and logicapp sync because function is not enabled." date="2025-12-14T02:57:32.095" /><!-- duration: 10ms -->
            </step><!-- duration: 110024ms -->
          </step><!-- duration: 110220ms -->
          <step title="Cleaning up temp files" date="2025-12-14T02:57:33.724" /><!-- duration: 1136ms -->
          <step title="Cleaning up temp files" date="2025-12-14T02:57:34.878" /><!-- duration: 520ms -->
          <step title="Reloading status file with latest updates" date="2025-12-14T02:57:35.421" >
            <step title="WebHooksManager.PublishEventAsync: PostDeployment" date="2025-12-14T02:57:35.424" /><!-- duration: 129ms -->
          </step><!-- duration: 134ms -->
          <step title="Cleaning up temporary deployment - fetch deployment was successful" date="2025-12-14T02:57:35.563" /><!-- duration: 2ms -->
        </step><!-- duration: 112246ms -->
      </step><!-- duration: 114174ms -->
