﻿<?xml version="1.0" encoding="utf-8"?>
<deployment>
  <id>442f51d9-a21a-4967-befb-6f565be201b7</id>
  <author>N/A</author>
  <deployer>Push-Deployer</deployer>
  <authorEmail>N/A</authorEmail>
  <message>Created via a push deployment</message>
  <progress></progress>
  <status>Success</status>
  <statusText></statusText>
  <lastSuccessEndTime>2025-12-14T02:44:28.1813299Z</lastSuccessEndTime>
  <receivedTime>2025-12-14T02:39:08.2245818Z</receivedTime>
  <startTime>2025-12-14T02:39:09.6854666Z</startTime>
  <endTime>2025-12-14T02:44:28.1813299Z</endTime>
  <complete>True</complete>
  <is_temp>False</is_temp>
  <is_readonly>True</is_readonly>
  <buildSummary />
</deployment>