﻿<?xml version="1.0" encoding="utf-8"?>
<deployment>
  <id>89df868e-188b-494c-8d05-c378fec5d6fc</id>
  <author>N/A</author>
  <deployer>Push-Deployer</deployer>
  <authorEmail>N/A</authorEmail>
  <message>Created via a push deployment</message>
  <progress></progress>
  <status>Success</status>
  <statusText></statusText>
  <lastSuccessEndTime>2025-12-14T06:35:01.0801076Z</lastSuccessEndTime>
  <receivedTime>2025-12-14T06:32:19.3511317Z</receivedTime>
  <startTime>2025-12-14T06:32:21.347985Z</startTime>
  <endTime>2025-12-14T06:35:01.0801076Z</endTime>
  <complete>True</complete>
  <is_temp>False</is_temp>
  <is_readonly>True</is_readonly>
  <buildSummary />
</deployment>