﻿<?xml version="1.0" encoding="utf-8"?>
<deployment>
  <id>2c74ef36-3319-419d-91af-1aba1a721f3e</id>
  <author>N/A</author>
  <deployer>Push-Deployer</deployer>
  <authorEmail>N/A</authorEmail>
  <message>Created via a push deployment</message>
  <progress></progress>
  <status>Success</status>
  <statusText></statusText>
  <lastSuccessEndTime>2025-12-14T02:47:07.5927522Z</lastSuccessEndTime>
  <receivedTime>2025-12-14T02:45:44.2838214Z</receivedTime>
  <startTime>2025-12-14T02:45:46.3556273Z</startTime>
  <endTime>2025-12-14T02:47:07.5927522Z</endTime>
  <complete>True</complete>
  <is_temp>False</is_temp>
  <is_readonly>True</is_readonly>
  <buildSummary />
</deployment>