﻿<?xml version="1.0" encoding="utf-8"?>
<deployment>
  <id>382568fd-b9b4-4ddb-a7c8-855105e17815</id>
  <author>N/A</author>
  <deployer>Push-Deployer</deployer>
  <authorEmail>N/A</authorEmail>
  <message>Created via a push deployment</message>
  <progress></progress>
  <status>Success</status>
  <statusText></statusText>
  <lastSuccessEndTime>2025-12-14T02:57:32.6856946Z</lastSuccessEndTime>
  <receivedTime>2025-12-14T02:55:41.5077702Z</receivedTime>
  <startTime>2025-12-14T02:55:43.2108614Z</startTime>
  <endTime>2025-12-14T02:57:32.6856946Z</endTime>
  <complete>True</complete>
  <is_temp>False</is_temp>
  <is_readonly>True</is_readonly>
  <buildSummary />
</deployment>