﻿<?xml version="1.0" encoding="utf-8"?>
<deployment>
  <id>174e4c75-6144-4f97-a605-02f08f1a7d63</id>
  <author>N/A</author>
  <deployer>Push-Deployer</deployer>
  <authorEmail>N/A</authorEmail>
  <message>Created via a push deployment</message>
  <progress></progress>
  <status>Success</status>
  <statusText></statusText>
  <lastSuccessEndTime>2025-12-16T06:20:20.5462327Z</lastSuccessEndTime>
  <receivedTime>2025-12-16T06:16:10.3726209Z</receivedTime>
  <startTime>2025-12-16T06:16:11.793871Z</startTime>
  <endTime>2025-12-16T06:20:20.5462327Z</endTime>
  <complete>True</complete>
  <is_temp>False</is_temp>
  <is_readonly>True</is_readonly>
  <buildSummary />
</deployment>