﻿<?xml version="1.0" encoding="utf-8"?>
<deployment>
  <id>bb720b12-d12a-4831-ac75-6b1acea023de</id>
  <author>N/A</author>
  <deployer>Push-Deployer</deployer>
  <authorEmail>N/A</authorEmail>
  <message>Created via a push deployment</message>
  <progress></progress>
  <status>Success</status>
  <statusText></statusText>
  <lastSuccessEndTime>2025-12-14T00:03:15.47269Z</lastSuccessEndTime>
  <receivedTime>2025-12-14T00:00:37.9903085Z</receivedTime>
  <startTime>2025-12-14T00:00:39.3851759Z</startTime>
  <endTime>2025-12-14T00:03:15.47269Z</endTime>
  <complete>True</complete>
  <is_temp>False</is_temp>
  <is_readonly>True</is_readonly>
  <buildSummary />
</deployment>