﻿<?xml version="1.0" encoding="utf-8"?>
<deployment>
  <id>4013098b-13f1-4ba8-b589-0c6d4acdd90d</id>
  <author>N/A</author>
  <deployer>Push-Deployer</deployer>
  <authorEmail>N/A</authorEmail>
  <message>Created via a push deployment</message>
  <progress></progress>
  <status>Success</status>
  <statusText></statusText>
  <lastSuccessEndTime>2025-12-16T06:03:24.1040983Z</lastSuccessEndTime>
  <receivedTime>2025-12-16T05:59:04.3498121Z</receivedTime>
  <startTime>2025-12-16T05:59:06.00311Z</startTime>
  <endTime>2025-12-16T06:03:24.1040983Z</endTime>
  <complete>True</complete>
  <is_temp>False</is_temp>
  <is_readonly>True</is_readonly>
  <buildSummary />
</deployment>